{
  "openapi": "3.0.1",
  "servers": [
    {
      "url": "<your z/OSMF URL>"
    }
  ],
  "info": {
    "description": "z/OS operations",
    "version": "1.0.0",
    "title": "IBM watsonX Assistant for Z skills pak",
    "x-ibm-annotations": "1.0.0",
    "x-ibm-application-name": "z/OS operations",
    "x-ibm-application-icon": "",
    "x-ibm-application-id": "zos-operations",
    "x-ibm-skill-subtype": "public",
    "x-ibm-skill-type": "imported",
    "x-ibm-disable-default-server-url": "true"
  },
  "tags": [
    {
      "name": "zOS operations"
    }
  ],
  "paths": {
    "/zosmf/restconsoles/consoles/{consoleName}?authProgList": {
      "put": {
        "summary": "Authorized program list",
        "description": "Authorized program list",
        "operationId": "zosapfList",
        "parameters": [
          {
            "name": "consoleName",
            "in": "path",
            "required": true,
            "schema": {
              "type": "string",
              "default": "iserVS01"
            },
            "description": "The name of the EMCS console on z/OS"
          }
        ],
        "responses": {
          "200": {
            "content": {
              "application/json": {
                "schema": {
                  "type": "object",
                  "properties": {
                    "cmd-response": {
                      "type": "string",
                      "x-ibm-order": 3
                    },
                    "sol-key-timeout": {
                      "type": "boolean",
                      "x-ibm-order": 1
                    },
                    "cmd-response-key": {
                      "type": "string",
                      "x-ibm-order": 4
                    },
                    "sol-key-detected": {
                      "type": "boolean",
                      "x-ibm-order": 2
                    }
                  }
                }
              }
            },
            "description": "z/OSMF issue console command OK response"
          },
          "400": {
              "content": {
                  "application/json": {}
              },
              "description": "Bad Request"
          },
          "403": {
              "content": {
                  "application/json": {}
              },
              "description": "Forbidden"
          },
          "404": {
              "content": {
                  "application/json": {}
              },
              "description": "Not Found"
          }
        },
        "requestBody": {
          "required": true,
          "content": {
            "application/json": {
              "schema": {
                "type": "object",
                "required": [
                  "cmd",
                  "sol-key"
                ],
                "properties": {
                  "cmd": {
                    "type": "string",
                    "default": "d prog,lnklst"
                  },
                  "sol-key": {
                    "type": "string",
                    "default": "JES"
                  }
                }
              }
            }
          },
          "description": "{\n  \"cmd\": \"d prog,lnklst\",\n  \"sol-key\": \"JES\"\n}"
        },
        "x-ibm-nl-intent-examples": [
          "Display current linklist on z/OS",
          "Current listlist on z/OS system ",
          "Display current authorized programs on z/OS",
          "Current authorized programs list on z/OS system ",
          "List of currently authorized programs / linklist on z/OS"
        ],
        "x-ibm-next-actions": [],
        "x-ibm-nl-entities": {
          "entities": []
        },
        "x-ibm-conversational-skill": true
      }
    },
    "/zosmf/restconsoles/consoles/{consoleName}?iplInfo": {
      "put": {
        "summary": "z/OS IPL Information",
        "description": "z/OS IPL Information",
        "operationId": "zosIplInfo",
        "parameters": [
          {
            "name": "consoleName",
            "in": "path",
            "required": true,
            "schema": {
              "type": "string",
              "default": "iserVS01"
            },
            "description": "The name of the EMCS console on z/OS"
          }
        ],
        "responses": {
          "200": {
            "content": {
              "application/json": {
                "schema": {
                  "type": "object",
                  "properties": {
                    "cmd-response": {
                      "type": "string",
                      "x-ibm-order": 3
                    },
                    "sol-key-timeout": {
                      "type": "boolean",
                      "x-ibm-order": 1
                    },
                    "cmd-response-key": {
                      "type": "string",
                      "x-ibm-order": 4
                    },
                    "sol-key-detected": {
                      "type": "boolean",
                      "x-ibm-order": 2
                    }
                  }
                }
              }
            },
            "description": "z/OSMF issue console command OK response"
          },
          "400": {
              "content": {
                  "application/json": {}
              },
              "description": "Bad Request"
          },
          "403": {
              "content": {
                  "application/json": {}
              },
              "description": "Forbidden"
          },
          "404": {
              "content": {
                  "application/json": {}
              },
              "description": "Not Found"
          }
        },
        "requestBody": {
          "required": true,
          "content": {
            "application/json": {
              "schema": {
                "type": "object",
                "required": [
                  "cmd",
                  "sol-key"
                ],
                "properties": {
                  "cmd": {
                    "type": "string",
                    "default": "d iplinfo"
                  },
                  "sol-key": {
                    "type": "string",
                    "default": "JES"
                  }
                }
              }
            }
          },
          "description": "{\n  \"cmd\": \"d iplinfo\",\n  \"sol-key\": \"JES\"\n}"
        },
        "x-ibm-nl-intent-examples": [
          "Display z/OS IPL Information",
          "z/OS IPL Information",
          "z/OS system IPL Information",
          "System Z IPL Information",
          "IPL Information for z/OS"
        ],
        "x-ibm-next-actions": [],
        "x-ibm-nl-entities": {
          "entities": []
        },
        "x-ibm-conversational-skill": true
      }
    },
    "/zosmf/restconsoles/consoles/{consoleName}?parmLibDatasets": {
      "put": {
        "summary": "Display zOS parmlib datasets",
        "description": "Display zOS parmlib datasets",
        "operationId": "zosParmlibDatasets",
        "parameters": [
          {
            "name": "consoleName",
            "in": "path",
            "required": true,
            "schema": {
              "type": "string",
              "default": "iserVS01"
            },
            "description": "The name of the EMCS console on z/OS"
          }
        ],
        "responses": {
          "200": {
            "content": {
              "application/json": {
                "schema": {
                  "type": "object",
                  "properties": {
                    "cmd-response": {
                      "type": "string",
                      "x-ibm-order": 3
                    },
                    "sol-key-timeout": {
                      "type": "boolean",
                      "x-ibm-order": 1
                    },
                    "cmd-response-key": {
                      "type": "string",
                      "x-ibm-order": 4
                    },
                    "sol-key-detected": {
                      "type": "boolean",
                      "x-ibm-order": 2
                    }
                  }
                }
              }
            },
            "description": "z/OSMF issue console command OK response"
          },
          "400": {
              "content": {
                  "application/json": {}
              },
              "description": "Bad Request"
          },
          "403": {
              "content": {
                  "application/json": {}
              },
              "description": "Forbidden"
          },
          "404": {
              "content": {
                  "application/json": {}
              },
              "description": "Not Found"
          }
        },
        "requestBody": {
          "required": true,
          "content": {
            "application/json": {
              "schema": {
                "type": "object",
                "required": [
                  "cmd",
                  "sol-key"
                ],
                "properties": {
                  "cmd": {
                    "type": "string",
                    "default": "d parmlib"
                  },
                  "sol-key": {
                    "type": "string",
                    "default": "JES"
                  }
                }
              }
            }
          },
          "description": "{\n  \"cmd\": \"d parmlib\",\n  \"sol-key\": \"JES\"\n}"
        },
        "x-ibm-nl-intent-examples": [
          "Display all parmlib datasets on z/OS",
          "Display all datasets in the parmlib on z/OS",
          "Display z/OS parmlib datasets",
          "Display datasets in the current parmlib concatenation on zOS"
        ],
        "x-ibm-next-actions": [],
        "x-ibm-nl-entities": {
          "entities": []
        },
        "x-ibm-conversational-skill": true
      }
    },
    "/zosmf/restconsoles/consoles/{consoleName}?ussOptions": {
      "put": {
        "summary": "Unix System services options",
        "description": "Unix System services options",
        "operationId": "zosussOptions",
        "parameters": [
          {
            "name": "consoleName",
            "in": "path",
            "required": true,
            "schema": {
              "type": "string",
              "default": "iserVS01"
            },
            "description": "The name of the EMCS console on z/OS"
          }
        ],
        "responses": {
          "200": {
            "content": {
              "application/json": {
                "schema": {
                  "type": "object",
                  "properties": {
                    "cmd-response": {
                      "type": "string",
                      "x-ibm-order": 3
                    },
                    "sol-key-timeout": {
                      "type": "boolean",
                      "x-ibm-order": 1
                    },
                    "cmd-response-key": {
                      "type": "string",
                      "x-ibm-order": 4
                    },
                    "sol-key-detected": {
                      "type": "boolean",
                      "x-ibm-order": 2
                    }
                  }
                }
              }
            },
            "description": "z/OSMF issue console command OK response"
          },
          "400": {
              "content": {
                  "application/json": {}
              },
              "description": "Bad Request"
          },
          "403": {
              "content": {
                  "application/json": {}
              },
              "description": "Forbidden"
          },
          "404": {
              "content": {
                  "application/json": {}
              },
              "description": "Not Found"
          }
        },
        "requestBody": {
          "required": true,
          "content": {
            "application/json": {
              "schema": {
                "type": "object",
                "required": [
                  "cmd",
                  "sol-key"
                ],
                "properties": {
                  "cmd": {
                    "type": "string",
                    "default": "d omvs,o"
                  },
                  "sol-key": {
                    "type": "string",
                    "default": "JES"
                  }
                }
              }
            }
          },
          "description": "{\n  \"cmd\": \"d omvs,o\",\n  \"sol-key\": \"JES\"\n}"
        },
        "x-ibm-nl-intent-examples": [
          "Display current USS options on z/OS",
          "Current USS options z/OS system ",
          "Display current Unix system services operations on z/OS",
          "Current Unix system services operations on z/OS system ",
          "List of options in effect for USS on z/OS"
        ],
        "x-ibm-next-actions": [],
        "x-ibm-nl-entities": {
          "entities": []
        },
        "x-ibm-conversational-skill": true
      }
    },
    "/zosmf/restconsoles/consoles/{consoleName}?zosSubsystems": {
      "put": {
        "summary": "Display zOS subsystems",
        "description": "Display zOS subsystems",
        "operationId": "zosSubsystems",
        "parameters": [
          {
            "name": "consoleName",
            "in": "path",
            "required": true,
            "schema": {
              "type": "string",
              "default": "iserVS01"
            },
            "description": "The name of the EMCS console on z/OS"
          }
        ],
        "responses": {
          "200": {
            "content": {
              "application/json": {
                "schema": {
                  "type": "object",
                  "properties": {
                    "cmd-response": {
                      "type": "string",
                      "x-ibm-order": 3
                    },
                    "sol-key-timeout": {
                      "type": "boolean",
                      "x-ibm-order": 1
                    },
                    "cmd-response-key": {
                      "type": "string",
                      "x-ibm-order": 4
                    },
                    "sol-key-detected": {
                      "type": "boolean",
                      "x-ibm-order": 2
                    }
                  }
                }
              }
            },
            "description": "z/OSMF issue console command OK response"
          },
          "400": {
              "content": {
                  "application/json": {}
              },
              "description": "Bad Request"
          },
          "403": {
              "content": {
                  "application/json": {}
              },
              "description": "Forbidden"
          },
          "404": {
              "content": {
                  "application/json": {}
              },
              "description": "Not Found"
          }
        },
        "requestBody": {
          "required": true,
          "content": {
            "application/json": {
              "schema": {
                "type": "object",
                "required": [
                  "cmd",
                  "sol-key"
                ],
                "properties": {
                  "cmd": {
                    "type": "string",
                    "default": "d ssi"
                  },
                  "sol-key": {
                    "type": "string",
                    "default": "JES"
                  }
                }
              }
            }
          },
          "description": "{\n  \"cmd\": \"d ssi\",\n  \"sol-key\": \"JES\"\n}"
        },
        "x-ibm-nl-intent-examples": [
          "Display all subsystems on z/OS",
          "Display all zOS subsystems",
          "Display status of all zOS subsystems",
          "Display all subsystems on z/OS system"
        ],
        "x-ibm-next-actions": [],
        "x-ibm-nl-entities": {
          "entities": []
        },
        "x-ibm-conversational-skill": true
      }
    },
    "/zosmf/restjobs/jobs/{correlator}/files": {
      "get": {
        "description": "List spool files for a job on z/OS",
        "operationId": "zosmfListSpoolFiles",
        "parameters": [
          {
            "description": "z/OSMF job correlator",
            "in": "path",
            "name": "correlator",
            "required": true,
            "schema": {
              "type": "string"
            }
          }
        ],
        "responses": {
          "200": {
            "content": {
              "application/json": {
                "schema": {
                  "items": {
                    "properties": {
                      "class": {
                        "type": "string"
                      },
                      "ddname": {
                        "type": "string"
                      },
                      "id": {
                        "type": "integer"
                      },
                      "recfm": {
                        "type": "string"
                      },
                      "record-count": {
                        "type": "integer"
                      },
                      "stepname": {
                        "type": "string"
                      },
                      "subsystem": {
                        "type": "string"
                      }
                    },
                    "type": "object"
                  },
                  "type": "array"
                }
              }
            },
            "description": "z/OSMF list spool files OK response"
          },
          "400": {
              "content": {
                  "application/json": {}
              },
              "description": "Bad Request"
          },
          "403": {
              "content": {
                  "application/json": {}
              },
              "description": "Forbidden"
          },
          "404": {
              "content": {
                  "application/json": {}
              },
              "description": "Not Found"
          }
        },
        "summary": "List spool files",
        "x-ibm-nl-intent-examples": [
          "List spool files",
          "List spool files for a job"
        ],
        "x-ibm-next-actions": []
      }
    },
    "/zosmf/restfiles/ds/{dataset-name}": {
      "get": {
        "description": "Retrieve data from a sequential data set",
        "operationId": "zosmfGetDatasetcontent",
        "parameters": [
          {
            "description": "z/OSMF dataset name",
            "in": "path",
            "name": "dataset-name",
            "required": true,
            "schema": {
              "type": "string"
            }
          }
        ],
        "responses": {
          "200": {
            "content": {
              "application/json": {
                "schema": {
                  "type": "string"
                }
              }
            },
            "description": "z/OSMF dataset content OK response"
          },
          "400": {
              "content": {
                  "application/json": {}
              },
              "description": "Bad Request"
          },
          "403": {
              "content": {
                  "application/json": {}
              },
              "description": "Forbidden"
          },
          "404": {
              "content": {
                  "application/json": {}
              },
              "description": "Not Found"
          }
        },
        "summary": "Retrieve dataset content",
        "x-ibm-nl-intent-examples": [
          "Get dataset content",
          "Retrieve dataset content"
        ],
        "x-ibm-next-actions": []
      }
    },
    "/zosmf/restjobs/jobs/{correlator}/files/{nnn}/records": {
      "get": {
        "description": "Retrieve the contents of a job spool file on z/OS",
        "operationId": "zosmfSpoolFileContent",
        "parameters": [
          {
            "description": "z/OSMF job correlator",
            "in": "path",
            "name": "correlator",
            "required": true,
            "schema": {
              "type": "string"
            }
          },
          {
            "description": "Spool file id",
            "in": "path",
            "name": "nnn",
            "required": true,
            "schema": {
              "type": "string",
              "x-ibm-label": "spool file id"
            }
          }
        ],
        "responses": {
          "200": {
            "content": {
              "application/json": {
                "schema": {
                  "type": "string"
                }
              }
            },
            "description": "z/OSMF retrieve spool file content OK response"
          },
          "400": {
              "content": {
                  "application/json": {}
              },
              "description": "Bad Request"
          },
          "403": {
              "content": {
                  "application/json": {}
              },
              "description": "Forbidden"
          },
          "404": {
              "content": {
                  "application/json": {}
              },
              "description": "Not Found"
          }
        },
        "summary": "Retrieve spool file content",
        "x-ibm-nl-intent-examples": [
          "Retrieve spool file content",
          "Get spool file content"
        ],
        "x-ibm-next-actions": []
      }
    },
    "/zosmf/restjobs/jobs/{correlator}?step-data=N&exec-data=N": {
      "get": {
        "description": "Retrieve z/OSMF job status",
        "operationId": "zosmfJobStatus",
        "parameters": [
          {
            "description": "z/OSMF job correlator",
            "in": "path",
            "name": "correlator",
            "required": true,
            "schema": {
              "type": "string"
            }
          }
        ],
        "responses": {
          "200": {
            "content": {
              "application/json": {
                "schema": {
                  "properties": {
                    "phase-name": {
                      "type": "string",
                      "x-ibm-show": true
                    },
                    "retcode": {
                      "type": "string",
                      "x-ibm-show": true
                    },
                    "status": {
                      "type": "string",
                      "x-ibm-show": true
                    }
                  },
                  "type": "object"
                }
              }
            },
            "description": "z/OSMF job status OK response"
          },
          "400": {
              "content": {
                  "application/json": {}
              },
              "description": "Bad Request"
          },
          "403": {
              "content": {
                  "application/json": {}
              },
              "description": "Forbidden"
          },
          "404": {
              "content": {
                  "application/json": {}
              },
              "description": "Not Found"
          }
        },
        "summary": "Retrieve z/OSMF job status",
        "x-ibm-nl-intent-examples": [
          "Get z/OSMF job status",
          "Obtain job status",
          "Get job status"
        ],
        "x-ibm-next-actions": []
      }
    }
  },
  "components": {
    "securitySchemes": {
      "basicAuth": {
        "type": "http",
        "scheme": "basic"
      }
    }
  },
  "security": [
    {
      "basicAuth": []
    }
  ]
}